name,cgpa
aac,9.730000
aad,9.500000
aag,9.310000
aah,9.080000
aao,9.820000
aap,9.730000
aat,9.250000
aaw,9.290000
abb,9.570000
abc,9.510000
abe,9.330000
abh,9.930000
abj,9.250000
abl,9.530000
abo,9.890000
abp,9.130000
acf,9.500000
aci,9.870000
acj,9.590000
acs,9.070000
act,9.110000
acv,9.450000
acx,9.450000
ade,9.190000
adq,9.720000
ads,9.380000
aee,9.990000
aeh,9.890000
aek,9.150000
aen,9.170000
aer,9.340000
aey,9.450000
aez,9.810000
afl,9.360000
afn,9.970000
afs,9.560000
afv,9.930000
aga,9.620000
agg,9.180000
agn,9.740000
aha,9.780000
ahb,9.170000
ahh,9.020000
ahn,9.820000
ahp,9.060000
ahx,9.660000
aij,9.680000
air,9.760000
aiu,9.790000
aiv,9.890000
aiy,9.240000
aji,9.720000
ajr,9.170000
ajy,9.610000
akd,9.700000
akn,9.110000
akp,9.970000
akq,9.570000
akw,9.140000
ale,9.220000
alg,9.860000
all,9.750000
alo,9.740000
alt,9.390000
alv,9.550000
alz,9.530000
amf,9.570000
ami,9.990000
amj,9.750000
amo,9.770000
anb,9.930000
anf,9.310000
ang,9.640000
anm,9.380000
anq,9.870000
ans,9.590000
ant,9.580000
anv,9.870000
anw,9.770000
aoa,9.030000
aog,9.610000
aol,9.850000
aot,9.430000
aph,9.700000
apk,9.620000
app,9.030000
apq,9.560000
apr,9.730000
aps,9.190000
apt,9.130000
apy,9.030000
aqo,9.520000
aqt,9.460000
ard,9.500000
ari,9.280000
aro,9.720000
arp,9.050000
arq,9.620000
arr,9.420000
art,9.060000
aru,9.860000
arx,9.710000
ary,9.470000
asb,9.140000
asg,9.550000
asn,9.750000
ast,9.180000
asy,9.020000
atd,9.780000
atf,9.590000
ato,9.010000
atp,9.690000
atv,9.220000
atx,9.100000
atz,9.830000
aua,9.200000
aub,9.220000
aug,9.780000
auh,9.900000
auk,9.630000
aup,9.270000
auq,9.030000
aut,9.260000
auy,9.270000
auz,9.050000
avh,9.130000
avk,9.950000
avo,9.540000
avr,9.590000
avs,9.590000
avu,9.710000
avz,9.810000
awa,9.110000
awe,9.020000
awg,9.230000
awj,9.170000
awk,9.880000
awv,9.350000
axa,9.990000
axc,9.550000
axe,9.060000
axq,9.720000
axs,10.000000
ayd,9.860000
ayn,9.770000
ays,9.570000
ayt,9.360000
aze,9.380000
bab,9.750000
bae,9.100000
bao,9.540000
baq,9.340000
bat,9.530000
bbi,9.290000
bbu,9.960000
bcg,9.970000
bcp,9.660000
bdc,9.510000
bdf,9.600000
bdh,9.940000
bdi,9.220000
bdn,9.430000
bdp,9.030000
bdr,9.870000
bdt,9.740000
beb,9.550000
bef,9.990000
beg,9.480000
bei,9.540000
beu,9.780000
bey,9.530000
bfd,9.980000
bff,9.510000
bfn,9.330000
bfo,9.400000
bfs,9.250000
bfv,9.100000
bfw,9.290000
bge,9.710000
bgj,9.370000
bgv,9.900000
bgy,9.470000
bhj,9.730000
bhm,9.840000
bhr,9.070000
bhu,9.260000
bia,9.450000
bil,9.970000
bix,9.070000
biy,9.950000
bjb,9.410000
bjc,9.480000
bji,9.420000
bjr,9.300000
bjt,9.720000
bki,9.120000
bkp,9.450000
bkx,9.270000
blj,9.880000
blm,9.470000
blq,9.830000
blr,9.820000
bls,9.110000
blu,9.470000
blw,9.870000
bly,9.430000
bmd,9.970000
bmh,9.860000
bmq,9.690000
bmu,9.970000
bmv,9.510000
bnd,9.370000
bnl,9.870000
bnn,9.750000
bnp,9.340000
bnv,9.720000
boe,9.380000
bol,9.450000
bop,9.390000
bos,9.260000
bou,9.840000
bow,9.840000
boz,9.930000
bpd,9.090000
bpf,9.450000
bpg,9.550000
bpj,9.920000
bpk,9.730000
bpm,9.850000
bpw,9.860000
bpz,9.680000
bqr,9.910000
bqt,9.790000
bqx,9.330000
brd,9.350000
bri,9.460000
brq,9.780000
brv,9.170000
bsb,9.370000
bsh,9.650000
bsi,9.910000
bsn,9.330000
bsp,9.080000
bsu,9.300000
bsy,9.440000
btv,9.280000
btw,9.960000
bub,9.410000
bui,9.790000
buj,9.660000
buk,9.920000
bun,9.940000
buo,9.240000
bur,9.240000
buw,9.810000
buy,9.080000
bvg,9.270000
bvs,9.880000
bvt,9.370000
bvv,9.550000
bvx,9.550000
bwg,9.990000
bwj,9.550000
bwl,9.060000
bwq,9.400000
bwr,9.210000
bwt,9.920000
bwv,9.320000
bww,9.510000
bwz,9.090000
bxe,9.410000
bxg,9.350000
bxh,9.350000
bxn,9.310000
bxo,9.700000
bxs,9.080000
bxw,9.020000
bxx,9.460000
bxy,9.650000
byj,9.330000
byk,9.430000
byq,9.360000
bze,9.480000
bzf,9.610000
bzh,9.210000
bzi,9.740000
bzp,9.570000
bzq,9.260000
bzs,9.650000
bzu,9.110000
bzw,9.980000
bzy,9.870000
bzz,10.000000
caa,9.030000
cag,9.830000
caj,9.420000
cak,9.470000
cam,9.230000
can,9.740000
caq,9.530000
caz,9.770000
cbb,9.710000
cbe,9.550000
cbt,9.280000
cbu,9.080000
cbv,9.540000
cca,9.740000
ccc,9.470000
ccf,9.960000
ccq,9.390000
ccs,9.350000
cdb,9.410000
cdj,9.750000
cdo,9.030000
cea,9.370000
cef,9.450000
ceq,9.580000
ceu,9.260000
cey,9.910000
cfb,9.800000
cfc,9.150000
cfg,9.390000
cfh,9.420000
cfl,9.680000
cft,9.020000
cfx,9.490000
cfy,9.300000
cgf,9.840000
cgp,9.400000
cgw,9.400000
chh,9.870000
chu,9.270000
chy,9.510000
cig,9.610000
cih,9.140000
cip,9.510000
cje,9.480000
cjg,9.620000
cjl,9.740000
cjm,9.330000
cjn,9.700000
cjp,9.460000
cjq,9.660000
cjv,9.440000
cjx,9.260000
ckb,9.360000
ckq,9.210000
clc,9.510000
cld,9.210000
cle,9.980000
clk,9.950000
clm,9.840000
clr,9.180000
clt,9.080000
clu,9.530000
clx,9.500000
cmc,9.410000
cmg,9.330000
cmm,9.670000
cnb,9.380000
cnc,9.310000
cnd,9.950000
cnh,9.540000
cni,9.850000
cnp,9.290000
cns,9.200000
cnx,9.340000
cny,9.670000
coa,9.870000
cog,9.320000
cok,9.030000
coq,9.370000
cou,9.040000
coy,9.950000
cpb,9.450000
cph,9.920000
cpk,9.580000
cpr,9.290000
cqe,9.420000
cqg,9.030000
cqn,9.910000
cqp,9.780000
cqs,9.840000
cqu,9.500000
cqv,9.840000
cqx,9.730000
crb,9.300000
crj,9.440000
crl,9.320000
crn,9.540000
cse,9.080000
csl,9.560000
csr,9.500000
ctc,9.750000
ctd,9.290000
ctf,9.870000
ctu,9.560000
cuf,9.710000
cuo,9.820000
cur,9.800000
cuv,9.490000
cvd,9.940000
cvg,9.550000
cvx,9.720000
cwf,9.320000
cwh,9.340000
cwj,9.520000
cwt,9.200000
cwy,9.180000
cxa,9.790000
cxb,9.620000
cxg,10.000000
cxm,9.660000
cxp,9.330000
cxz,9.800000
cyf,9.970000
cyh,9.520000
cyp,9.670000
czo,9.530000
czu,9.280000
czx,9.410000
dae,9.960000
daf,9.800000
dag,9.960000
dan,9.230000
daq,9.500000
dat,9.610000
dbh,9.920000
dbk,9.660000
dbm,9.310000
dbp,9.190000
dbt,9.370000
dbz,9.910000
dcj,9.470000
dck,9.130000
dcn,9.070000
ddk,9.220000
ddt,9.750000
ddx,9.570000
dec,9.170000
ded,9.580000
dej,9.620000
dek,9.080000
dem,9.810000
deo,9.970000
deq,9.660000
dez,9.950000
dfe,10.000000
dfh,9.670000
dfk,9.970000
dfo,9.470000
dfr,9.450000
dfu,9.180000
dge,9.120000
dgh,9.960000
dgu,9.260000
dhm,9.390000
dhv,9.480000
dhy,9.400000
dib,9.660000
dig,9.800000
dik,9.470000
dio,9.670000
diq,9.090000
div,9.530000
diy,9.760000
djc,9.540000
djd,9.620000
djm,9.920000
djs,9.310000
djv,9.120000
djw,9.940000
djz,9.690000
dkd,9.700000
dkn,9.830000
dkw,9.440000
dla,9.810000
dle,9.920000
dlk,9.170000
dlo,9.520000
dls,9.960000
dlt,9.870000
dma,9.750000
dmg,9.800000
dmi,9.810000
dml,9.140000
dmp,9.690000
dmq,9.140000
dmr,9.540000
dmv,9.380000
dna,9.230000
dnx,9.780000
dnz,9.440000
doa,9.230000
doc,9.940000
doe,9.650000
dog,9.230000
dov,9.140000
doy,9.960000
dpe,9.270000
dpn,9.700000
dpp,9.190000
dpt,9.850000
dpw,9.830000
dpx,10.000000
dpz,9.290000
dql,9.080000
dqn,9.970000
dqo,9.950000
dqp,9.820000
dqs,9.380000
dqv,9.710000
drg,9.620000
drh,9.270000
dro,9.650000
drq,9.370000
drs,9.540000
dsa,9.660000
dsj,9.110000
dsm,9.160000
dsn,9.270000
dsq,9.740000
dsx,9.810000
dtb,9.240000
dtc,9.960000
dte,9.090000
dtl,9.560000
dtp,9.710000
dua,9.290000
duc,9.490000
duf,9.660000
duh,9.230000
dui,9.120000
duk,9.980000
dus,9.500000
duu,9.450000
dvb,9.780000
dvf,9.730000
dvo,9.960000
dvr,9.720000
dvx,9.250000
dvy,9.360000
dwa,9.810000
dwb,9.910000
dwc,9.710000
dwd,9.450000
dwk,9.720000
dwl,9.660000
dwm,9.730000
dwo,9.550000
dwr,9.290000
dwu,9.960000
dxe,9.540000
dxm,9.760000
dxr,9.520000
dxu,9.590000
dxz,9.020000
dyc,9.740000
dyi,9.730000
dyj,9.150000
dyk,9.780000
dym,9.270000
dyo,9.070000
dys,9.840000
dyz,9.040000
dza,9.730000
dzc,9.910000
dzg,9.180000
dzs,9.030000
dzt,9.090000
dzw,9.130000
dzx,9.130000
ean,9.220000
eau,9.680000
eav,9.510000
eaw,9.430000
ebj,9.060000
ebs,9.640000
ebt,9.070000
ebu,10.000000
ecd,9.680000
ecf,9.750000
ecj,9.680000
eck,9.780000
ecl,9.380000
ecn,9.540000
ecq,9.400000
ecu,9.420000
edh,9.940000
edl,9.950000
edt,9.370000
edx,9.780000
eea,9.770000
eeh,9.480000
eel,9.810000
eet,9.510000
efa,9.160000
efb,9.200000
efd,9.600000
efq,9.260000
efr,9.480000
efv,9.570000
egn,9.200000
egq,9.470000
egv,9.180000
ehi,9.850000
ehk,9.550000
ehm,9.560000
ehs,9.550000
ehv,9.650000
eid,9.440000
eim,9.700000
ein,9.740000
eiy,9.310000
eji,9.140000
ejk,9.890000
ejl,9.930000
ejr,9.590000
ekc,9.080000
ekg,9.780000
ekh,9.790000
eld,9.980000
elh,9.570000
elm,9.110000
elp,9.840000
elq,9.070000
els,9.630000
elv,9.030000
elx,9.060000
elz,9.980000
emc,9.680000
emd,9.780000
emj,9.480000
emn,9.860000
end,9.460000
ene,9.480000
eni,9.630000
enp,9.330000
enq,10.000000
enx,9.010000
eoi,9.590000
eom,9.500000
eon,9.800000
eop,9.220000
eov,9.600000
eow,9.990000
eox,9.680000
eoy,9.390000
eoz,9.310000
epa,9.540000
epd,9.840000
epl,9.870000
epm,9.650000
ept,9.710000
epw,9.710000
epx,9.010000
epy,9.250000
eqd,9.560000
eqf,9.460000
eqj,9.520000
eqk,9.770000
eql,9.680000
eqr,9.200000
eqt,9.650000
eqz,9.060000
ere,9.610000
erp,9.940000
ert,9.500000
erx,9.780000
esc,9.100000
esj,9.350000
esl,9.880000
esp,9.860000
est,9.510000
esv,9.010000
esw,9.030000
eta,9.670000
etk,9.910000
ets,9.960000
etu,9.610000
etz,9.710000
euc,9.320000
eui,9.160000
euj,9.460000
eun,9.520000
eup,9.870000
eut,9.610000
euy,9.440000
evf,9.500000
evk,9.250000
evm,9.770000
evn,9.870000
evr,9.770000
evs,9.840000
ewf,9.250000
ewk,9.230000
ewr,9.550000
ewu,9.490000
ewx,9.610000
exd,9.220000
exj,9.830000
exl,9.550000
exs,9.230000
ext,9.890000
exy,9.840000
eyq,9.090000
eyt,9.080000
eyu,9.350000
eyz,9.700000
ezj,9.480000
ezm,9.190000
ezn,9.460000
ezq,9.710000
fag,9.300000
fal,9.840000
far,9.430000
fas,9.280000
fcf,9.010000
fcn,9.820000
fcq,9.660000
fct,9.200000
fcv,9.110000
fcy,10.000000
fdb,9.970000
fde,9.390000
fdg,9.950000
fdh,9.070000
fdo,9.020000
fdw,9.280000
fdy,9.190000
fei,9.570000
fel,9.100000
fen,9.790000
feo,9.560000
ffc,9.230000
ffi,9.610000
ffl,9.440000
ffn,9.130000
ffq,9.320000
fgn,9.170000
fgv,9.040000
fha,9.870000
fhc,9.170000
fhe,9.300000
fhf,9.550000
fhk,9.020000
fhp,9.600000
fhz,9.180000
fih,9.100000
fii,9.610000
fim,9.470000
fip,9.850000
fiv,9.020000
fjq,9.800000
fjs,9.740000
fld,9.590000
fln,9.140000
flp,9.540000
fly,9.310000
fmc,9.350000
fme,9.450000
fmq,9.190000
fmt,9.470000
fmy,9.890000
fnd,9.060000
fni,9.650000
fnk,9.030000
fnm,9.830000
fnx,9.790000
fny,9.190000
fom,9.190000
for,9.200000
fot,9.110000
fou,9.850000
fpg,9.170000
fpt,9.740000
fpu,9.110000
fpv,9.400000
fqb,9.070000
fqp,9.020000
fqq,10.000000
fqt,9.690000
fqw,9.230000
frb,9.840000
frc,9.930000
frh,9.990000
fri,9.750000
fro,9.980000
frq,9.890000
frz,9.600000
fsl,9.730000
fsn,9.570000
fst,9.980000
ftb,9.060000
fti,9.870000
ftj,9.390000
fts,9.210000
ftu,9.530000
fua,9.600000
fub,9.020000
fug,9.950000
fum,9.120000
fun,9.450000
fut,9.950000
fuz,9.180000
fva,9.120000
fve,9.550000
fvk,9.840000
fvp,9.580000
fvr,9.340000
fvs,9.580000
fvw,9.510000
fvz,9.070000
fwt,9.890000
fww,9.160000
fwx,9.040000
fxa,9.840000
fxb,9.170000
fxj,9.010000
fxm,9.150000
fxn,9.080000
fxw,9.320000
fxz,9.890000
fye,9.930000
fyf,9.090000
fyj,9.010000
fyw,9.920000
fyx,9.870000
fyy,9.290000
fyz,9.360000
fzb,9.930000
fze,9.370000
fzi,9.950000
fzq,9.750000
gaa,9.610000
gae,9.440000
gah,9.230000
gaq,9.470000
gax,9.780000
gay,9.890000
gbn,9.550000
gbp,9.590000
gbq,9.240000
gbr,9.130000
gbw,9.750000
gby,9.680000
gca,9.970000
gcb,9.820000
gch,9.680000
gci,9.270000
gck,9.210000
gcl,9.770000
gcm,9.610000
gcy,9.880000
gdb,9.650000
gdc,9.340000
gdg,9.020000
gdh,9.210000
gdl,9.810000
gdr,9.080000
gea,9.720000
gec,9.400000
get,9.310000
gev,9.940000
gfr,9.860000
ggn,9.310000
ghf,9.720000
ghg,9.560000
ghk,9.520000
ghl,9.300000
ghn,9.870000
gho,9.690000
ghx,9.890000
gia,9.910000
gic,9.790000
gii,9.750000
gin,9.860000
gip,9.810000
giq,9.140000
gjc,9.880000
gjg,9.020000
gji,9.570000
gjl,9.020000
gjo,9.650000
gjt,9.420000
gkb,9.710000
gki,9.780000
gkj,9.860000
gkl,9.750000
gkq,9.340000
gkr,9.290000
gkw,9.950000
gky,9.460000
gla,9.890000
glf,9.960000
glz,9.550000
gmm,9.050000
gmv,9.060000
gnb,9.750000
gne,9.670000
gnk,9.050000
gnt,9.760000
gof,9.810000
goi,9.820000
goj,9.770000
gok,9.890000
gou,9.030000
gov,9.240000
goz,9.030000
gpk,9.530000
gpl,9.330000
gpx,9.040000
gpy,9.840000
gqi,9.990000
gqj,9.610000
gqm,9.200000
gqo,9.860000
gqw,9.780000
gra,9.650000
grb,9.510000
grd,9.500000
grj,9.900000
gro,9.560000
gru,9.490000
grx,9.780000
gsb,9.540000
gsm,9.960000
gte,9.470000
gtg,9.780000
gtu,9.040000
gtx,9.990000
gud,9.730000
guk,9.990000
guu,9.800000
guw,9.960000
gvb,9.320000
gve,9.100000
gvj,9.260000
gvv,9.260000
gvz,9.240000
gwc,9.940000
gws,9.990000
gxd,9.030000
gxk,9.410000
gxn,9.380000
gxu,9.450000
gxx,9.440000
gyb,9.600000
gye,9.340000
gyh,9.940000
gyn,9.580000
gyx,9.280000
gzj,9.150000
gzv,9.210000
haa,9.420000
hab,9.450000
hae,9.070000
hal,9.250000
hao,9.340000
has,9.440000
hbb,9.810000
hbj,9.230000
hbl,9.550000
hbs,9.950000
hch,9.100000
hco,9.250000
hcu,9.900000
hcz,9.560000
hde,9.990000
hdf,9.380000
hdk,9.360000
hdl,9.550000
hdn,9.870000
hdp,9.770000
hdw,9.270000
heg,9.210000
hem,9.730000
hen,9.030000
heu,9.560000
hex,9.830000
hfb,9.100000
hfc,9.440000
hfl,9.210000
hft,9.520000
hfy,9.030000
hga,9.460000
hge,9.650000
hgi,9.230000
hgm,9.300000
hgn,9.250000
hgq,9.970000
hgv,9.140000
hhd,9.010000
hhh,9.460000
hhm,9.860000
hho,9.410000
hhr,9.920000
hhw,9.410000
hia,9.640000
hif,9.450000
hig,9.140000
hil,9.520000
hit,9.200000
hiv,9.250000
hiw,9.530000
hja,9.260000
hjb,9.080000
hje,9.180000
hjf,9.280000
hjh,9.360000
hjj,9.160000
hjk,9.650000
hjm,9.130000
hjp,9.100000
hjq,9.220000
hjw,9.080000
hkp,9.600000
hkq,9.650000
hks,9.590000
hku,9.430000
hkx,9.930000
hla,9.710000
hlb,9.610000
hli,9.540000
hlk,9.550000
hlu,9.070000
hlw,9.880000
hlx,9.490000
hlz,9.590000
hmg,9.580000
hmm,9.960000
hmp,9.310000
hmv,9.790000
hmw,9.610000
hna,9.240000
hnd,9.490000
hni,9.390000
hnl,9.240000
hno,9.760000
hnp,9.070000
hnr,9.040000
hnt,9.290000
hnv,9.230000
hnw,9.800000
hnz,9.340000
hoi,9.980000
hoj,9.990000
hom,10.000000
hor,9.520000
how,9.900000
hoy,9.490000
hpf,9.880000
hpi,9.040000
hpj,9.280000
hpm,9.210000
hpp,9.020000
hpq,9.880000
hpr,9.940000
hqe,9.220000
hqm,9.940000
hrc,9.470000
hrf,9.250000
hrj,9.170000
hrn,9.180000
hrv,9.360000
hrz,9.450000
hsa,9.670000
hsb,9.470000
hse,9.120000
hss,9.230000
hsu,9.580000
hsw,9.530000
hsz,9.710000
htb,9.440000
htk,9.250000
htq,9.210000
hts,9.700000
htv,9.310000
hud,9.960000
hug,9.840000
hui,9.860000
huj,9.550000
hvf,9.180000
hvq,9.460000
hvs,9.510000
hwe,9.820000
hwl,9.440000
hxi,9.720000
hxn,9.720000
hxr,9.180000
hxw,9.730000
hxz,9.760000
hyu,9.790000
hzd,9.420000
hze,9.760000
hzh,9.180000
hzk,9.060000
hzs,9.020000
hzv,9.310000
iac,9.050000
iaf,9.990000
iai,9.570000
iaq,9.540000
iav,9.890000
iaw,9.020000
ibc,9.020000
ibd,9.920000
ibu,9.760000
icj,9.160000
icp,9.620000
icv,9.840000
icy,9.040000
icz,9.570000
ida,9.930000
ide,9.450000
idf,9.900000
idi,9.910000
ids,9.740000
iee,9.060000
ieg,9.540000
ieh,9.480000
iei,9.340000
iej,9.630000
ien,9.980000
iey,9.840000
ifn,9.170000
ifv,9.910000
igf,9.950000
igm,9.120000
igu,9.330000
iha,9.880000
ihk,9.690000
ihp,9.030000
ihu,9.060000
ihx,9.030000
ihz,9.220000
iib,9.470000
iie,9.430000
iig,9.900000
iih,9.740000
iik,9.510000
iiq,9.860000
ijb,9.050000
ijc,9.460000
iji,9.270000
ijl,9.790000
ijr,9.480000
ijx,9.310000
ijz,9.410000
ike,9.750000
iki,9.820000
ikk,9.040000
ikq,9.480000
ikr,9.670000
iks,9.230000
ikw,9.030000
ild,9.900000
ile,9.020000
ilg,9.870000
ilq,9.990000
ilu,9.350000
ilv,9.160000
ima,9.080000
imf,9.030000
imh,9.450000
imk,9.650000
imv,9.520000
imx,9.800000
ing,9.890000
inv,9.260000
inz,9.030000
ioj,9.620000
iok,9.650000
iom,9.770000
ior,9.990000
ios,9.160000
iow,9.130000
ipc,9.880000
ips,9.720000
iqc,9.340000
iqd,9.500000
iqh,9.210000
iqm,9.290000
iqp,9.930000
iqr,9.680000
iqt,9.670000
iqx,9.380000
iri,9.120000
irl,9.170000
irp,9.220000
irr,9.490000
isf,9.600000
iso,9.850000
isp,9.880000
isr,9.080000
ist,9.490000
isu,9.440000
itm,9.990000
itq,9.750000
iuo,9.670000
iur,9.810000
iuw,9.570000
ivg,9.170000
ivi,9.350000
ivm,9.710000
ivu,9.900000
ivy,9.240000
iwh,9.780000
iwj,9.620000
iwq,9.510000
iws,9.160000
iwu,9.770000
iwv,9.130000
ixd,9.500000
ixg,9.580000
ixi,9.430000
ixj,9.580000
ixt,9.460000
iya,9.790000
iyd,10.000000
iye,9.140000
iyg,9.560000
iyh,9.720000
iyi,9.070000
iyj,9.990000
iyk,9.690000
iyp,9.830000
iyu,9.490000
iyw,9.070000
iza,9.040000
izd,9.100000
izi,9.030000
izl,9.680000
izm,9.340000
izr,9.330000
izu,9.390000
izy,9.630000
jaa,9.050000
jab,9.870000
jac,9.770000
jae,9.790000
jak,9.280000
jap,9.200000
jat,9.370000
jau,10.000000
jav,9.550000
jaz,9.110000
jba,9.290000
jbb,9.560000
jbe,9.690000
jbj,9.720000
jbp,9.790000
jbr,9.090000
jbu,9.830000
jbx,9.620000
jbz,9.390000
jcc,9.910000
jce,9.950000
jcj,9.230000
jck,9.100000
jcl,9.510000
jcm,9.110000
jcq,9.260000
jct,9.210000
jcv,9.930000
jcx,9.930000
jde,9.780000
jdg,9.930000
jdn,9.230000
jdt,9.800000
jdy,9.350000
jef,9.110000
jeg,9.930000
jez,9.420000
jfb,9.880000
jfc,9.270000
jfk,9.030000
jfp,9.770000
jft,9.430000
jgp,9.080000
jgr,9.410000
jhb,9.080000
jhc,9.170000
jhg,9.750000
jhh,9.970000
jhk,9.890000
jho,9.870000
jhr,9.280000
jie,9.410000
jii,9.300000
jiq,9.820000
jiw,9.310000
jjw,9.460000
jkb,9.070000
jke,9.370000
jkk,9.790000
jkp,9.760000
jkr,9.230000
jkx,9.960000
jkz,9.070000
jmf,9.480000
jmk,9.880000
jmo,9.720000
jmq,9.610000
jmy,9.100000
jna,9.920000
jnb,9.440000
jnc,9.550000
jne,9.420000
jnl,9.890000
jnm,9.280000
jnn,9.570000
jnp,9.360000
jnt,9.850000
jnv,9.240000
jon,9.790000
jor,9.980000
jow,9.500000
jox,9.470000
jpj,9.250000
jpp,9.930000
jqb,9.740000
jqe,9.910000
jqh,9.230000
jqt,9.270000
jqy,9.780000
jrm,9.670000
jro,9.300000
jrs,9.740000
jru,9.670000
jrz,9.570000
jsc,9.640000
jse,9.990000
jsh,9.980000
jsi,9.690000
jsj,9.200000
jsv,9.960000
jsx,9.160000
jtc,9.200000
jte,9.250000
jtf,9.010000
jtl,9.370000
jtr,9.990000
jtt,9.490000
jue,9.240000
jui,9.040000
jul,9.420000
juq,9.890000
jvh,9.230000
jvn,9.590000
jwb,9.680000
jwd,9.730000
jwh,9.760000
jwn,9.200000
jwv,9.230000
jwx,9.630000
jwy,9.130000
jxc,9.800000
jxe,9.470000
jxh,9.360000
jxn,9.520000
jxs,9.180000
jyc,9.680000
jyf,9.120000
jyv,9.940000
jzb,9.380000
jzc,9.950000
jzf,9.740000
jzg,9.330000
jzh,9.280000
jzi,9.140000
jzj,9.120000
jzp,9.470000
jzr,9.940000
jzw,9.290000
jzx,9.650000
kag,9.150000
kam,9.410000
kao,9.190000
kat,9.910000
kax,9.150000
kbr,9.560000
kcd,9.750000
kcf,9.720000
kch,9.400000
kcn,9.200000
kcq,9.120000
kde,10.000000
kdv,9.940000
kea,9.580000
kem,9.880000
kes,9.970000
ket,9.430000
kgf,9.690000
kgi,9.590000
kgk,9.380000
kgo,9.440000
kgp,9.510000
kgw,9.800000
kgz,9.310000
kha,9.750000
khj,9.530000
khn,9.220000
khp,9.640000
khr,9.190000
khu,9.420000
khv,9.680000
khz,9.610000
kia,9.620000
kij,9.100000
kil,9.100000
kix,9.330000
kjm,9.170000
kjr,9.520000
kjs,9.490000
kjz,9.930000
kkb,9.520000
kki,9.220000
klb,9.450000
klc,10.000000
klf,9.380000
klg,9.150000
klh,9.340000
kli,9.520000
klj,9.290000
klm,9.200000
kls,9.730000
klx,9.790000
kmf,9.780000
kmh,9.060000
kmj,9.880000
kml,9.980000
kmo,9.860000
kng,9.350000
knm,9.490000
kno,9.290000
knq,9.770000
knv,9.060000
koi,9.690000
kon,9.020000
kop,9.990000
kow,9.430000
koy,9.550000
kpb,9.630000
kpd,9.620000
kpl,9.020000
kpr,9.890000
kpt,9.890000
kpv,9.250000
kpy,9.700000
kql,9.790000
kqo,9.400000
kqq,9.080000
kqt,9.500000
kqz,9.580000
krc,9.480000
krk,9.810000
krq,9.060000
krw,9.530000
krx,9.390000
ksi,9.900000
kst,9.750000
ksv,9.080000
ksw,9.380000
ksx,9.270000
ktd,9.890000
kti,9.320000
ktj,9.270000
ktn,9.030000
ktt,9.930000
kty,9.730000
kuj,9.710000
kuq,9.970000
kvc,9.240000
kvk,9.730000
kvq,9.900000
kvr,9.780000
kvu,9.890000
kwa,9.730000
kwc,9.300000
kwe,9.550000
kwi,9.420000
kwm,9.830000
kwq,9.560000
kwu,9.150000
kwv,9.070000
kwy,9.400000
kxa,9.570000
kxf,9.820000
kxk,9.940000
kxm,9.890000
kxo,9.140000
kxp,9.600000
kxw,9.790000
kyb,9.350000
kyc,9.400000
kye,9.010000
kyf,9.300000
kym,9.720000
kyo,9.080000
kyu,9.130000
kyv,9.080000
kyy,9.080000
kzb,9.720000
kzd,9.360000
kzi,9.430000
kzj,9.470000
kzk,9.030000
kzn,9.130000
kzu,9.330000
laa,9.790000
lae,9.920000
lag,9.470000
lah,9.330000
lai,9.990000
lal,9.350000
lap,9.220000
lat,9.910000
law,9.790000
lax,9.530000
laz,9.720000
lbe,9.870000
lbf,9.920000
lbm,9.250000
lbn,9.040000
lcf,9.050000
lcw,9.040000
lda,9.580000
ldd,9.530000
ldg,9.250000
ldt,9.470000
ldy,9.780000
leb,9.680000
led,9.590000
lef,9.600000
lek,9.430000
lem,9.930000
les,9.660000
leu,9.920000
lfa,9.080000
lfh,9.940000
lfk,9.860000
lfn,9.430000
lfq,9.940000
lft,9.450000
lfx,9.500000
lgl,9.710000
lgm,9.850000
lgu,9.700000
lgx,9.670000
lgy,9.060000
lhk,9.470000
lhs,9.090000
lic,9.540000
lih,9.370000
lip,9.220000
lix,9.230000
lja,9.470000
ljf,9.160000
ljw,9.930000
ljx,9.290000
ljz,9.150000
lkh,9.990000
lkn,9.890000
lkq,9.320000
lky,9.730000
lkz,9.620000
llh,9.710000
llv,9.910000
llw,9.390000
lme,9.400000
lmf,9.860000
lmm,9.980000
lmn,9.390000
lmo,9.210000
lna,9.160000
lnr,9.890000
lnu,9.780000
lnx,9.120000
lny,9.960000
loa,9.940000
lob,9.690000
loi,9.490000
lol,9.140000
los,9.420000
lov,9.100000
loy,9.140000
lph,9.810000
lpr,9.830000
lpw,9.030000
lpz,9.750000
lqj,9.630000
lqq,9.090000
lrb,9.730000
lrc,9.930000
lrd,9.890000
lri,9.910000
lrm,9.760000
lrs,9.180000
lrv,9.550000
lrx,9.830000
lry,9.940000
lse,9.070000
lsj,9.900000
lsl,9.820000
lsn,9.390000
lsq,9.980000
lsw,9.610000
ltb,9.070000
lte,9.210000
lth,9.350000
lto,9.220000
lue,9.500000
luh,9.280000
lun,9.880000
lup,9.140000
luu,9.230000
luy,9.470000
luz,9.020000
lva,9.330000
lvc,9.450000
lvm,9.760000
lvt,9.840000
lvu,9.320000
lwd,9.690000
lwl,9.540000
lwn,9.980000
lwo,9.810000
lxl,9.860000
lxs,9.300000
lxx,9.110000
lyd,9.970000
lyo,9.580000
lyy,9.640000
lzc,9.700000
lzd,9.230000
lze,9.730000
lzs,9.890000
lzz,9.140000
maa,9.020000
man,9.170000
mav,9.660000
maw,9.010000
mch,9.090000
mcm,9.530000
mcu,9.580000
mcw,9.980000
mcx,9.750000
mdn,9.060000
mdo,9.340000
mdv,9.700000
mdy,9.670000
mdz,9.080000
mea,9.230000
mec,9.820000
mef,9.850000
meg,9.940000
mem,9.590000
mep,9.500000
mew,9.040000
mff,9.500000
mfh,9.300000
mfk,9.080000
mfm,9.360000
mfp,9.320000
mfq,9.330000
mga,9.950000
mgi,9.160000
mgl,9.770000
mgt,9.160000
mgu,9.410000
mha,9.280000
mhc,9.880000
mhe,9.980000
mhl,9.630000
mhn,9.810000
mhq,9.710000
mhu,9.220000
mhw,9.310000
mhx,9.460000
mhz,9.730000
mib,9.290000
mij,9.990000
mil,9.050000
mip,9.940000
mit,9.060000
mix,9.140000
mjb,9.440000
mjx,9.580000
mjy,9.730000
mkm,9.720000
mkr,9.240000
mkw,9.390000
mlh,9.820000
mli,9.890000
mlk,9.570000
mll,9.430000
mln,9.410000
mlq,9.020000
mlx,9.850000
mma,9.380000
mmc,9.440000
mmg,9.210000
mmi,9.190000
mmj,9.890000
mml,9.260000
mmm,9.800000
mmo,9.520000
mmx,9.830000
mnb,9.360000
mne,9.860000
mng,9.960000
mnh,9.060000
mni,9.040000
mnm,9.880000
mnn,9.190000
mnp,9.460000
mns,9.540000
mnu,9.030000
mnv,9.840000
mnw,9.420000
mok,9.560000
mol,9.880000
moq,9.300000
mou,9.100000
moy,9.620000
moz,9.590000
mpa,9.500000
mpt,9.100000
mpz,9.960000
mqd,9.030000
mqw,9.090000
mrh,9.530000
mrj,9.030000
mrk,9.600000
mrr,9.200000
msa,9.460000
msh,9.750000
msp,9.110000
msq,9.970000
msy,9.650000
mtg,9.540000
mtp,9.600000
mtt,9.080000
mtv,9.390000
mud,9.130000
mue,9.630000
muj,9.690000
mum,9.190000
muv,9.190000
mve,9.730000
mvf,9.690000
mvh,9.590000
mvl,9.240000
mvw,9.760000
mvy,9.550000
mwa,9.050000
mwg,9.650000
mwj,9.500000
mwq,9.920000
mxf,9.340000
mxi,9.640000
mxr,9.910000
mxv,9.420000
myc,9.510000
myh,9.420000
myi,9.950000
mym,9.660000
myn,9.980000
myy,9.400000
mza,9.780000
mzd,9.850000
mze,9.430000
mzx,9.240000
nad,9.270000
nao,9.330000
nar,9.430000
nbp,9.370000
nbr,9.340000
ncg,9.390000
ncm,9.320000
ncp,9.490000
ncu,9.940000
ncx,9.780000
ncy,9.270000
ndd,9.350000
ndf,9.420000
ndo,9.180000
ndp,9.510000
ndw,9.970000
nea,9.310000
nec,9.790000
nef,9.240000
nej,9.500000
nes,9.680000
ney,9.020000
nez,9.390000
nfa,9.390000
nfb,9.310000
nfc,9.970000
nfi,9.170000
nfj,9.580000
nfl,9.500000
nfr,9.750000
nft,9.540000
nfy,9.340000
nge,9.560000
ngk,9.490000
nha,9.700000
nhg,9.670000
nhh,9.110000
nhj,9.450000
nho,9.810000
nhy,9.540000
nia,9.550000
nie,9.160000
nif,9.450000
nim,9.160000
nir,9.880000
niu,9.010000
niy,9.190000
nje,9.750000
njf,9.650000
njj,9.320000
njl,9.240000
njn,9.160000
njv,9.060000
njw,9.550000
njx,9.790000
njy,9.610000
nkd,9.420000
nke,9.940000
nki,9.670000
nku,9.530000
nkx,9.260000
nky,9.970000
nlg,9.820000
nlj,9.660000
nlo,9.390000
nma,9.540000
nmd,9.340000
nmk,9.830000
nmm,9.290000
nmp,9.490000
nmu,9.910000
nmx,9.740000
nmz,9.550000
nna,9.530000
nnc,9.080000
nnh,9.540000
nnx,9.090000
noa,9.200000
noe,9.210000
nol,9.510000
nom,9.730000
npi,9.610000
npk,9.510000
npo,9.570000
npq,9.830000
npt,9.420000
nqa,9.480000
nqb,9.450000
nqc,9.300000
nqq,9.850000
nqr,9.870000
nqs,9.480000
nqt,9.320000
nqv,9.200000
nra,9.120000
nrf,9.170000
nrg,9.560000
nrm,9.690000
nrq,9.640000
nrs,9.660000
nrz,9.470000
nsc,9.960000
nsf,9.310000
nsg,9.350000
nsi,9.080000
nsq,9.240000
nsr,9.680000
nsv,9.630000
nsz,9.360000
nta,10.000000
nte,9.170000
nth,9.690000
nti,9.070000
ntj,9.750000
ntr,9.680000
ntv,9.320000
nub,9.390000
nur,9.680000
nus,9.570000
nut,9.930000
nuv,9.720000
nuw,9.290000
nux,9.920000
nvp,9.610000
nvq,9.670000
nvs,9.980000
nwa,9.370000
nwf,9.930000
nwg,9.980000
nwm,9.400000
nwp,9.820000
nwr,9.320000
nwv,9.800000
nww,9.260000
nwx,9.410000
nxa,9.800000
nxf,9.080000
nxx,9.810000
nyb,9.410000
nyh,9.770000
nyk,9.670000
nyo,9.400000
nys,9.500000
nzi,9.860000
nzu,9.040000
oab,9.500000
oae,9.250000
oah,9.970000
oaj,9.770000
oam,9.130000
oaz,9.400000
obc,9.060000
obh,9.120000
obj,9.870000
obn,9.300000
och,9.240000
oci,9.240000
ocj,9.430000
ocl,9.500000
ocn,9.350000
ocq,9.980000
ocs,9.770000
oct,9.100000
odg,9.640000
odm,9.270000
odq,9.360000
odt,9.490000
oeb,9.350000
oeh,9.580000
oel,9.800000
oes,9.740000
oeu,9.590000
ofa,9.330000
ofd,9.480000
ofp,9.230000
ofr,9.130000
ofs,9.180000
ofx,9.380000
ofy,9.810000
ogk,9.780000
ohc,9.730000
ohi,9.190000
ohm,9.800000
ohz,9.060000
oid,9.350000
oik,9.520000
oir,9.940000
ois,9.460000
ojg,9.470000
oju,9.300000
ojw,9.750000
oka,9.850000
okd,9.910000
oke,9.580000
okh,9.850000
oki,9.830000
okm,9.030000
oky,9.550000
ola,9.670000
olt,9.300000
olx,9.570000
oly,9.020000
omf,9.910000
omh,9.080000
omk,9.150000
omt,9.690000
omy,9.270000
onk,9.220000
onl,9.650000
onq,9.490000
oog,9.290000
ooj,9.490000
oon,9.030000
oop,9.300000
oox,9.030000
opb,9.100000
opc,9.910000
ope,9.960000
opi,9.920000
opk,9.790000
opq,9.250000
opt,9.780000
opu,9.500000
oqd,9.390000
oqk,9.030000
oqo,9.740000
oqu,9.910000
ore,9.940000
orj,9.330000
ork,9.030000
ory,9.610000
ose,9.730000
osf,9.620000
osm,9.790000
otd,9.280000
oti,9.170000
otj,9.850000
otr,9.130000
otv,9.390000
oua,9.130000
ouh,9.650000
ouo,9.590000
oup,9.470000
ouy,9.290000
ovi,9.720000
ovo,9.840000
ovy,9.560000
owd,9.140000
owi,9.860000
owq,9.670000
owy,9.380000
oxc,9.040000
oxe,9.490000
oxh,9.080000
oxs,9.170000
oxv,9.670000
oyg,9.280000
oyi,9.860000
oyj,9.280000
oym,9.930000
ozg,9.780000
ozi,9.240000
ozj,9.070000
ozk,9.260000
ozl,9.610000
ozw,9.540000
paa,9.050000
pag,9.590000
pah,9.640000
pai,9.890000
pau,9.620000
pav,9.870000
pay,9.990000
pbd,9.940000
pbg,9.940000
pbi,9.460000
pbr,9.420000
pbs,9.080000
pbw,9.410000
pcc,9.020000
pcf,9.670000
pcg,9.970000
pcl,9.050000
pcn,9.050000
pcp,9.950000
pct,9.780000
pdb,9.690000
pde,9.010000
pdl,9.140000
pdo,9.360000
pdt,9.510000
pdw,9.170000
pea,10.000000
peb,9.940000
pef,9.600000
peg,9.560000
pem,9.030000
pev,9.990000
pez,9.610000
pfb,9.380000
pff,9.340000
pfg,9.540000
pfn,9.750000
pgg,9.270000
pgh,9.680000
pgi,9.340000
pgp,9.200000
pgr,9.020000
pgu,9.150000
pgy,9.650000
phi,9.970000
pht,9.220000
pij,9.400000
pim,9.880000
pin,9.980000
pip,9.410000
piq,10.000000
pja,9.840000
pjh,9.840000
pji,9.700000
pjp,9.940000
pjr,9.600000
pjv,9.370000
pjx,9.840000
pjy,9.270000
pkc,9.740000
pkk,9.200000
pkt,9.690000
pky,9.960000
pla,9.380000
plc,9.560000
plm,9.500000
pln,9.830000
plw,9.220000
plz,9.280000
pmo,9.830000
pms,9.720000
pmt,9.520000
pnw,9.140000
pnz,9.030000
pom,9.070000
pon,9.920000
poy,9.370000
ppg,9.660000
ppj,9.970000
ppm,9.530000
pqb,9.690000
pqk,9.460000
prq,9.760000
prz,9.850000
pse,9.030000
psm,9.780000
psn,9.930000
psq,9.330000
psy,9.270000
ptb,9.030000
pte,9.290000
ptf,9.230000
ptm,9.970000
pts,9.950000
ptv,9.420000
puc,9.250000
pul,9.910000
pup,9.380000
puu,9.610000
pux,9.900000
pve,9.810000
pvf,9.550000
pvn,9.790000
pvr,9.470000
pvu,9.970000
pvw,9.710000
pwk,9.630000
pwq,9.900000
pxg,9.950000
pxk,9.460000
pxm,9.760000
pxr,9.370000
pxt,9.690000
pxx,9.300000
pyc,9.810000
pyn,9.500000
pyr,9.760000
pyx,9.610000
pzc,9.980000
pzd,9.540000
pzo,9.220000
pzx,10.000000
qab,9.520000
qag,9.500000
qah,9.700000
qal,9.160000
qao,9.760000
qaw,9.630000
qbc,9.610000
qbd,9.880000
qbh,9.610000
qbo,9.370000
qbr,9.340000
qbw,9.890000
qcd,9.240000
qck,9.050000
qcl,9.420000
qcq,9.860000
qcz,9.250000
qdi,9.980000
qdj,9.640000
qdk,9.080000
qdl,9.470000
qdm,9.120000
qdo,9.920000
qdp,9.380000
qds,9.590000
qdt,9.520000
qdu,9.430000
qed,9.240000
qek,9.340000
qep,9.630000
qev,9.600000
qfd,9.370000
qff,9.510000
qfi,9.340000
qfj,10.000000
qfv,9.870000
qfw,9.910000
qfx,9.580000
qga,9.700000
qgc,9.890000
qgv,9.400000
qhr,9.040000
qib,9.090000
qie,9.930000
qii,9.030000
qix,9.250000
qja,9.560000
qjc,9.620000
qjg,9.320000
qjm,9.210000
qjr,9.450000
qjs,9.660000
qju,9.670000
qjx,9.030000
qke,9.680000
qkp,9.730000
qkw,9.930000
qlb,9.610000
qli,9.470000
qlk,9.700000
qlq,9.250000
qlz,9.720000
qmc,9.550000
qmf,9.370000
qmn,9.830000
qmo,9.560000
qmt,9.170000
qmu,9.660000
qmv,9.920000
qmz,9.230000
qnc,9.900000
qni,9.820000
qns,9.820000
qnw,9.210000
qnx,9.290000
qny,9.260000
qoo,9.380000
qor,9.900000
qpf,9.560000
qpn,9.710000
qpr,9.590000
qqa,9.010000
qqc,9.460000
qqy,9.520000
qqz,9.710000
qrd,9.640000
qre,9.830000
qrg,9.400000
qrk,9.890000
qrm,9.970000
qrt,9.180000
qru,9.660000
qrx,9.810000
qso,9.920000
qsu,9.570000
qtf,9.590000
qts,9.310000
qua,9.840000
qud,9.410000
quh,9.680000
quk,9.300000
quq,9.750000
qvf,9.300000
qvh,9.610000
qvi,9.270000
qvm,9.760000
qvs,9.680000
qvt,9.880000
qwc,9.190000
qwf,9.060000
qwo,9.300000
qwr,9.250000
qwt,9.570000
qwy,9.910000
qwz,9.320000
qxa,9.460000
qxh,9.420000
qxi,9.050000
qxk,9.830000
qxm,9.120000
qxt,9.490000
qxu,9.480000
qxz,9.890000
qyq,9.210000
qyr,9.280000
qyt,9.030000
qyv,9.800000
qzr,9.300000
qzx,9.880000
rag,9.100000
raj,9.230000
rap,9.280000
rbk,9.430000
rbo,9.560000
rbt,9.760000
rbv,9.650000
rbz,9.770000
rcc,9.440000
rcf,9.030000
rck,9.020000
rda,9.810000
rdb,9.060000
rde,9.960000
rdf,9.610000
rdo,9.460000
rds,9.660000
rdw,9.640000
rec,9.230000
ree,9.230000
rep,9.050000
rfq,9.550000
rfr,9.080000
rge,9.750000
rgl,9.420000
rgn,9.890000
rgr,9.790000
rgw,9.180000
rhd,9.170000
rhk,9.750000
rhm,9.470000
rho,9.080000
rhx,9.850000
rib,9.920000
rij,9.820000
rim,9.090000
ris,9.070000
rkm,9.310000
rks,9.890000
rkt,9.640000
rlf,9.530000
rlh,9.700000
rlp,9.970000
rlr,9.550000
rlt,9.520000
rlx,9.150000
rmf,9.710000
rmg,9.090000
rmm,9.470000
rmo,9.430000
rmr,9.960000
rmv,9.220000
rne,9.410000
rni,9.650000
rnk,9.680000
rnl,9.010000
ros,9.030000
row,9.960000
rox,9.040000
rph,9.960000
rpi,9.140000
rpj,9.920000
rpn,9.340000
rpo,9.970000
rpr,9.010000
rps,9.130000
rpy,9.690000
rqc,9.140000
rqh,10.000000
rqi,9.230000
rra,9.630000
rrk,9.650000
rrl,9.130000
rrn,9.860000
rro,9.700000
rrq,9.140000
rrz,9.290000
rse,9.590000
rsf,9.200000
rsg,9.460000
rsq,9.490000
rsr,9.930000
rst,9.430000
rsv,9.680000
rsw,9.220000
rti,9.250000
rto,9.880000
rtq,9.040000
rtr,9.680000
rtv,9.950000
rty,9.520000
ruc,9.660000
rud,9.560000
rug,9.690000
rul,9.530000
rup,9.570000
rut,9.470000
rvd,9.910000
rvw,9.430000
rvx,9.670000
rvz,9.300000
rwa,9.480000
rwc,9.110000
rwd,9.370000
rwh,9.240000
rwo,9.990000
rwr,9.850000
rws,9.570000
rwt,9.830000
rww,9.560000
rwx,10.000000
rxe,9.240000
rxh,9.990000
rxi,9.200000
rxl,9.050000
rxu,9.550000
rya,9.060000
ryc,9.910000
rye,9.240000
ryl,9.480000
rym,9.530000
ryo,9.650000
ryr,9.290000
rzc,9.900000
rzq,9.880000
rzz,9.700000
saa,9.400000
sab,9.580000
sag,9.380000
sal,9.420000
sam,9.710000
saq,9.210000
saw,9.170000
sbf,9.700000
sbt,9.480000
sce,9.940000
scg,9.040000
scl,9.980000
scn,9.060000
scp,9.250000
scq,9.670000
scu,9.890000
sdq,9.350000
sds,9.110000
sdy,9.510000
seb,9.850000
see,9.240000
seh,9.940000
sen,9.760000
seq,9.680000
ses,9.710000
seu,9.950000
sex,9.850000
sfb,9.960000
sfc,9.740000
sfe,9.090000
sfl,9.640000
sfn,9.400000
sfp,9.830000
sfr,9.320000
sfs,9.760000
sfy,9.580000
sfz,9.870000
sgf,9.320000
sgg,9.570000
sgl,9.390000
sgr,9.770000
sgv,9.030000
sgw,9.790000
sgx,9.820000
sgy,9.950000
shc,9.860000
shh,9.310000
shl,9.900000
shx,9.780000
sii,9.990000
sij,9.490000
sis,9.670000
sjd,9.440000
sjo,9.260000
sju,9.800000
ske,9.280000
ski,9.300000
skl,9.910000
skp,9.360000
skr,9.090000
skw,9.350000
sla,9.870000
slb,9.160000
slc,9.090000
slh,9.700000
sln,9.910000
slq,9.140000
sls,9.640000
slt,9.280000
sly,9.050000
sme,9.350000
smf,9.590000
smi,9.880000
sml,9.180000
smn,9.280000
sms,9.330000
smt,9.330000
smv,9.830000
smx,9.220000
smy,9.910000
sna,9.230000
snf,9.930000
snh,9.030000
sni,9.620000
snl,9.360000
sno,9.740000
sns,9.890000
sny,9.490000
sob,9.640000
sol,9.010000
sos,9.220000
spa,9.520000
spf,9.040000
spk,9.770000
spu,9.030000
spz,9.620000
sqc,9.640000
sqe,9.390000
sqg,9.240000
sqp,9.740000
sqv,9.390000
srd,9.490000
srh,9.780000
srl,9.330000
srv,9.040000
srx,9.850000
ssb,9.840000
ssv,9.510000
ssw,9.380000
ssx,9.040000
ssy,9.450000
sts,9.790000
stu,9.820000
sug,9.310000
sup,9.120000
sur,9.650000
sux,9.480000
suz,9.710000
svb,9.630000
svc,9.050000
svi,9.560000
svo,9.840000
svu,9.010000
svy,9.740000
swd,9.470000
swl,9.110000
swq,9.970000
sws,9.320000
swz,9.280000
sxf,9.480000
sxv,9.280000
sxw,9.420000
syd,9.390000
syi,9.960000
syj,9.280000
syk,9.490000
syz,9.950000
szs,9.030000
tac,9.600000
taf,9.450000
tal,9.200000
tap,9.330000
tas,9.220000
tat,9.210000
tav,9.050000
taz,9.970000
tbf,9.840000
tbl,9.260000
tbp,9.920000
tbq,9.200000
tbv,9.740000
tcb,9.820000
tcc,9.690000
tcn,9.130000
tcr,9.130000
tdb,9.250000
tdd,9.730000
tdm,9.960000
teb,9.440000
teh,9.050000
tel,9.500000
tet,9.250000
tfa,9.570000
tfe,9.210000
tfh,9.260000
tfi,9.040000
tfj,9.910000
tfq,9.230000
tfr,9.180000
tfs,9.870000
tft,9.080000
tgk,9.100000
thb,9.030000
the,9.360000
thi,9.310000
thk,9.700000
thr,9.090000
thu,9.730000
thy,9.360000
tik,9.420000
tiq,9.880000
tir,9.890000
tit,9.380000
tiz,9.010000
tja,9.630000
tjd,9.280000
tjo,9.850000
tjp,9.120000
tjr,9.150000
tju,9.140000
tjx,9.840000
tkg,9.100000
tks,9.560000
tkw,9.300000
tkx,9.230000
tky,9.840000
tkz,9.760000
tlf,9.690000
tlq,9.260000
tlt,9.470000
tlv,9.030000
tmc,9.500000
tmf,9.520000
tmm,9.810000
tmn,9.680000
tmt,9.770000
tni,9.520000
tnq,9.970000
tod,9.010000
toe,9.640000
toj,9.100000
tom,9.180000
tpg,9.680000
tph,9.560000
tpy,9.620000
tpz,9.700000
tqa,9.090000
tqb,9.140000
tqe,9.690000
tql,9.550000
tqm,9.790000
tqr,9.800000
tqt,9.650000
tra,9.320000
trb,9.230000
trd,9.310000
tre,9.930000
trf,9.740000
tri,9.900000
trk,9.750000
trl,9.470000
trt,9.510000
trz,9.020000
tsa,9.460000
tsh,9.280000
tsl,9.240000
tsu,9.470000
tta,9.050000
ttc,9.530000
ttf,9.030000
tti,9.910000
ttj,9.180000
ttr,9.340000
ttu,9.170000
tty,9.050000
tug,9.360000
tuk,9.090000
tuo,9.840000
tuq,9.210000
tut,9.660000
tux,9.490000
tvf,9.550000
tvj,9.310000
tvs,9.060000
twn,9.450000
twp,9.550000
twr,9.420000
twu,9.760000
tww,9.180000
twx,9.050000
txb,9.030000
txi,9.690000
txl,9.560000
txm,9.040000
txn,9.760000
txp,9.060000
txu,9.150000
txv,9.430000
tyn,9.550000
typ,9.510000
tyt,9.790000
tyv,9.500000
tyw,9.280000
tzf,9.690000
tzi,9.530000
tzx,9.860000
uac,9.640000
uar,9.410000
ubd,9.180000
ube,9.470000
ubp,9.430000
ubv,9.920000
ucc,9.620000
ucd,9.680000
ucf,9.040000
uch,9.260000
ucj,9.450000
ucp,9.010000
ucr,9.440000
uct,9.800000
udf,9.260000
udg,9.610000
udi,9.520000
ueb,9.810000
ueg,9.240000
ueq,9.140000
uer,9.940000
ues,9.080000
uev,9.890000
ufa,9.370000
ufb,9.870000
ufi,9.700000
ufw,9.180000
ufx,9.510000
uga,9.090000
uge,9.520000
ugf,9.830000
ugj,9.210000
ugo,9.590000
ugr,9.990000
uhb,9.170000
uhi,9.100000
uif,9.490000
uig,9.860000
uih,9.940000
uin,9.340000
uiq,9.030000
uja,9.960000
uje,9.090000
ujf,9.430000
ujg,9.300000
ujm,9.680000
ujr,9.320000
ujv,9.750000
ujy,9.230000
ujz,9.650000
uke,9.550000
ukk,9.310000
ukn,9.930000
ukp,9.290000
uku,9.740000
ulb,9.240000
ule,9.580000
ulf,9.220000
ull,9.440000
ulr,9.810000
ult,9.630000
umd,9.160000
umh,9.930000
uml,9.710000
ump,9.510000
umq,9.520000
ums,9.910000
unb,9.840000
ung,9.630000
unh,9.470000
unj,9.650000
unl,9.750000
unv,9.600000
unw,9.540000
unz,9.090000
uob,9.900000
uoi,9.610000
uoj,9.030000
uok,9.270000
uos,9.890000
uov,9.690000
upj,9.960000
uqb,9.510000
uqc,9.070000
uqe,9.220000
uqf,9.010000
uqj,9.340000
uqm,9.670000
uqu,9.680000
uqv,9.470000
uqw,9.070000
uqy,9.380000
uqz,9.670000
ure,9.660000
urf,9.580000
url,9.240000
urq,9.100000
urs,9.160000
urw,9.500000
ury,9.260000
usi,9.770000
uta,9.640000
utg,9.710000
utk,9.410000
utm,9.900000
utx,9.860000
uty,9.770000
uuc,9.160000
uuu,9.370000
uuv,9.010000
uuz,9.390000
uva,9.450000
uvg,9.090000
uvi,9.110000
uvl,9.220000
uvo,9.890000
uvq,9.990000
uvw,9.270000
uwh,9.790000
uwi,9.890000
uww,9.460000
uxb,9.390000
uxd,9.610000
uxf,9.030000
uxg,9.270000
uxi,9.400000
uxj,9.750000
uxm,9.880000
uxp,9.880000
uxs,9.370000
uxw,9.850000
uyf,9.860000
uyg,9.080000
uyk,10.000000
uyp,9.120000
uyq,9.320000
uyy,9.620000
uzc,9.350000
uzd,9.210000
uzf,10.000000
uzl,9.440000
uzp,9.720000
uzs,9.720000
uzt,9.230000
uzz,9.030000
vag,9.790000
vak,9.670000
vas,9.590000
vax,9.260000
vba,9.540000
vbm,9.770000
vbt,9.480000
vbv,9.850000
vbx,9.400000
vck,9.790000
vcq,9.340000
vcs,9.620000
vdd,9.590000
vdq,9.850000
vds,9.880000
vdu,9.230000
vdw,9.210000
vdx,9.290000
vdz,9.510000
veb,9.080000
vef,9.480000
veg,9.130000
vep,9.880000
vew,9.260000
vfi,9.590000
vfo,9.020000
vfu,9.910000
vfv,9.020000
vgr,9.170000
vgs,9.480000
vgy,9.900000
vhc,9.360000
vhi,9.960000
vht,9.300000
vhu,9.450000
vhw,9.960000
vii,9.560000
viq,9.710000
vir,9.190000
vis,9.450000
vit,9.660000
vja,9.970000
vjb,9.690000
vjc,9.810000
vjd,9.330000
vjj,9.370000
vjr,9.940000
vjv,9.330000
vjw,9.610000
vjy,9.240000
vkc,9.100000
vki,9.510000
vkp,9.920000
vkq,9.610000
vkv,9.810000
vkw,9.530000
vla,9.900000
vle,9.050000
vll,9.420000
vlp,9.770000
vlq,9.540000
vlr,9.710000
vmd,9.710000
vmj,9.360000
vmm,9.360000
vmt,9.030000
vmx,9.290000
vnh,9.610000
vni,9.370000
vnp,9.630000
vny,9.360000
voe,9.490000
vof,9.650000
voi,9.170000
von,9.210000
vow,9.570000
vpl,9.530000
vps,9.820000
vpu,9.830000
vqh,9.220000
vql,9.810000
vqn,9.600000
vqt,9.380000
vqv,9.230000
vra,9.180000
vrg,9.750000
vrk,9.030000
vrr,9.620000
vrv,9.540000
vry,9.640000
vsc,9.580000
vsh,9.330000
vsj,9.320000
vsl,9.680000
vsy,9.010000
vsz,9.800000
vth,9.450000
vtp,9.750000
vtx,9.070000
vuh,9.850000
vum,9.020000
vun,9.160000
vup,9.500000
vuq,9.140000
vuu,9.260000
vux,9.780000
vvd,9.680000
vve,9.170000
vvj,9.450000
vvm,9.230000
vvn,9.750000
vvs,9.360000
vvt,9.550000
vwc,9.660000
vwf,9.510000
vwi,9.220000
vwm,9.740000
vwt,9.950000
vww,9.390000
vwx,9.370000
vxk,9.330000
vxm,9.090000
vxy,9.630000
vxz,9.110000
vyb,9.280000
vyi,9.190000
vyj,9.750000
vyn,9.420000
vyp,9.540000
vyr,9.520000
vyw,9.750000
vzb,9.670000
vzj,9.620000
vzm,9.240000
vzq,9.970000
vzr,9.730000
wah,9.500000
wao,9.420000
wap,9.650000
was,9.690000
wbb,9.190000
wbj,9.960000
wbl,9.910000
wbq,9.610000
wbs,9.340000
wcn,9.230000
wcy,9.190000
wda,9.040000
wdb,9.690000
wdf,9.080000
wdi,9.550000
wdk,9.770000
wdn,9.580000
wdp,10.000000
wdr,9.380000
wdw,9.930000
wdy,9.750000
wef,9.800000
weh,9.900000
wen,9.840000
wep,9.450000
wex,9.680000
wfb,9.810000
wfh,9.950000
wfi,9.200000
wfm,9.460000
wgh,10.000000
wgq,9.220000
wgr,9.560000
wgy,9.160000
whs,9.920000
wib,9.640000
wid,9.050000
wie,9.150000
wii,9.900000
wik,9.600000
wil,9.840000
wim,9.060000
wir,9.690000
wis,9.070000
wit,9.320000
wiw,9.520000
wiy,9.410000
wjc,9.660000
wje,9.750000
wjm,9.410000
wkc,9.470000
wkd,9.950000
wkm,9.640000
wkp,9.550000
wky,9.790000
wla,9.310000
wle,9.870000
wlh,9.360000
wlj,9.660000
wll,9.320000
wlr,9.680000
wls,9.270000
wmb,9.490000
wmc,9.050000
wmi,9.320000
wmm,9.930000
wmt,9.100000
wmw,9.960000
wmy,9.080000
wnb,9.260000
wnd,9.230000
wnl,9.670000
wnr,9.840000
wns,9.300000
wnt,9.200000
wnv,9.030000
wnx,9.730000
wny,9.370000
wob,9.150000
woc,9.140000
wof,9.850000
woo,9.200000
wop,9.660000
wow,9.700000
wox,9.070000
wpp,9.610000
wpu,9.030000
wqe,9.940000
wqh,9.070000
wqi,9.020000
wqk,9.030000
wql,9.610000
wqy,9.150000
wqz,9.460000
wre,9.600000
wrh,9.290000
wrj,9.460000
wrn,9.680000
wsa,9.540000
wsc,9.290000
wsm,9.700000
wso,9.400000
wsr,9.180000
wtd,9.260000
wti,9.630000
wtp,9.160000
wua,9.680000
wuf,9.500000
wuh,9.840000
wuk,9.590000
wul,9.960000
wum,10.000000
wuo,9.070000
wup,10.000000
wvm,9.340000
wvn,9.970000
wvx,9.760000
wvy,9.020000
wwe,9.800000
wwh,9.410000
wwu,9.030000
www,9.570000
wwx,9.040000
wxd,9.900000
wxg,9.530000
wxl,9.540000
wxs,9.960000
wxv,9.130000
wxw,9.040000
wyj,9.860000
wym,9.410000
wyn,9.630000
wyp,9.090000
wys,9.050000
wyv,9.820000
wzl,9.090000
wzm,9.590000
wzs,9.370000
xaa,9.380000
xam,9.820000
xaq,9.730000
xar,9.870000
xas,9.850000
xbh,9.040000
xbr,9.690000
xbt,9.890000
xbu,9.730000
xbx,9.510000
xcb,9.320000
xcg,9.270000
xco,9.450000
xcs,9.650000
xcu,9.490000
xdm,9.060000
xdr,9.550000
xea,9.070000
xed,9.230000
xee,9.030000
xep,9.150000
xex,9.600000
xfb,9.980000
xfm,9.490000
xfq,9.380000
xgd,9.160000
xgk,9.620000
xgq,9.980000
xhb,9.040000
xhc,9.380000
xhd,9.790000
xhi,9.450000
xhj,9.160000
xht,9.840000
xhu,9.060000
xhv,9.230000
xhw,9.610000
xia,9.820000
xit,9.030000
xjc,9.680000
xjj,9.910000
xjl,9.070000
xjv,9.920000
xjw,9.770000
xki,9.920000
xkk,9.040000
xkl,9.090000
xkq,9.720000
xkw,9.820000
xkx,9.490000
xkz,9.450000
xla,9.100000
xle,9.740000
xlj,9.400000
xlo,9.620000
xlp,9.730000
xlu,9.960000
xlz,9.320000
xmd,9.120000
xme,9.840000
xmj,9.350000
xmk,9.930000
xml,9.040000
xmv,9.940000
xnc,9.610000
xnd,9.590000
xng,9.050000
xnk,9.990000
xnn,9.380000
xnr,9.030000
xnv,9.110000
xoe,9.760000
xoh,9.660000
xoy,9.180000
xpe,9.870000
xpl,9.090000
xpq,9.060000
xpv,9.640000
xpx,9.180000
xpy,9.380000
xpz,9.910000
xqi,9.370000
xqj,9.720000
xqq,9.840000
xqs,9.440000
xqw,9.320000
xrh,9.100000
xsb,9.800000
xsk,9.980000
xsq,9.790000
xss,9.970000
xsu,9.800000
xsv,9.980000
xta,9.180000
xtd,9.820000
xtf,9.710000
xth,9.730000
xtl,9.530000
xtm,9.880000
xtt,9.270000
xuc,9.660000
xud,9.040000
xuh,9.600000
xul,9.430000
xux,9.260000
xuy,9.030000
xvb,9.540000
xve,9.070000
xvh,9.130000
xvp,9.010000
xvz,9.350000
xwc,9.030000
xwo,9.130000
xwt,9.120000
xwx,9.070000
xwy,9.210000
xxb,9.480000
xxe,9.380000
xxg,9.700000
xxo,9.210000
xxt,9.280000
xxv,9.260000
xxw,9.700000
xxy,9.700000
xyc,9.570000
xyd,9.640000
xye,9.180000
xyg,9.200000
xyk,9.890000
xyn,9.790000
xzb,9.600000
xze,9.410000
xzi,9.890000
xzk,9.070000
xzm,9.910000
yak,9.250000
yam,9.810000
yao,9.640000
yaz,9.360000
ybh,9.810000
ybq,9.390000
ybv,9.740000
ybx,9.820000
ycg,9.870000
ych,9.290000
yci,9.880000
yck,9.760000
yct,9.930000
ycv,9.810000
ydb,9.430000
ydd,9.120000
ydh,9.240000
ydn,9.880000
ydo,9.590000
yec,9.420000
yek,10.000000
yel,9.850000
yeq,9.230000
yfc,9.950000
yfg,9.260000
yfj,9.360000
yfm,9.190000
yfn,9.320000
yfq,9.890000
yfu,9.660000
yfx,9.460000
yge,9.950000
ygi,9.460000
ygj,9.010000
ygl,9.940000
ygv,9.010000
ygy,9.740000
yhg,9.070000
yht,9.120000
yhv,9.180000
yhx,9.690000
yif,9.900000
yij,9.450000
yil,9.230000
yit,9.220000
yiz,9.460000
yja,9.770000
yjm,9.030000
yjp,9.890000
ykh,9.760000
ykn,9.550000
ykq,9.090000
ylb,9.660000
yll,9.920000
ylm,9.940000
ymc,9.950000
ymf,9.490000
ymq,9.520000
ymx,9.510000
ynd,9.470000
ynp,9.540000
ynt,9.040000
yoe,9.660000
yoj,9.270000
yom,9.580000
yoo,9.880000
you,9.320000
yow,9.120000
yoz,9.390000
ypa,9.830000
ypd,9.960000
ypi,9.240000
ypk,9.680000
ypl,9.080000
ypw,9.530000
yqi,9.850000
yqo,9.940000
yrg,9.870000
yrm,9.720000
yrq,9.610000
yrs,9.890000
yru,9.580000
yrv,9.690000
ysb,9.260000
ysi,9.770000
ysw,9.800000
ysy,9.760000
ytb,9.360000
ytc,9.090000
ytf,9.260000
ytg,9.490000
yti,9.440000
ytn,9.170000
ytq,9.680000
yts,9.970000
yua,9.790000
yub,9.520000
yuh,9.330000
yuj,9.740000
yur,9.030000
yut,9.480000
yuu,9.460000
yvr,9.940000
ywf,9.720000
ywl,9.350000
ywo,9.410000
ywt,9.350000
ywz,9.280000
yxa,9.950000
yxe,9.960000
yxf,9.100000
yxi,9.750000
yxj,9.920000
yxm,9.030000
yxt,9.340000
yxu,9.260000
yxx,9.030000
yxy,9.530000
yye,9.890000
yyl,9.360000
yym,9.240000
yyu,9.080000
yza,9.680000
yze,9.500000
yzk,9.060000
yzl,9.210000
yzn,9.590000
yzz,9.660000
zaa,9.060000
zak,9.890000
zam,9.440000
zaz,9.700000
zba,9.550000
zbd,9.790000
zbg,9.800000
zbl,9.210000
zbt,9.180000
zbu,9.130000
zca,9.680000
zcb,9.360000
zcd,9.160000
zci,9.230000
zcj,9.870000
zcq,9.530000
zcs,9.580000
zcv,9.330000
zcw,9.430000
zcx,9.640000
zda,9.200000
zdd,9.260000
zde,9.670000
zdf,9.140000
zdh,9.200000
zdk,9.010000
zdm,9.220000
zdo,9.880000
zdv,9.230000
zdx,9.490000
zeb,9.550000
zet,9.620000
zfi,9.690000
zfu,9.970000
zgg,9.640000
zgk,9.670000
zgv,9.350000
zhd,9.240000
zhg,9.100000
zhh,9.860000
zhs,9.070000
zhv,9.590000
zhy,9.030000
zig,9.900000
zil,9.870000
ziq,9.940000
zjz,9.460000
zka,9.100000
zkg,9.670000
zko,9.860000
zlb,9.870000
zlp,9.480000
zlz,9.380000
zmb,9.750000
zmi,9.350000
zmj,9.650000
zmk,9.420000
zml,9.130000
zmw,9.100000
zne,9.900000
znr,9.550000
znw,9.140000
znx,9.400000
znz,9.990000
zof,9.910000
zoh,10.000000
zom,9.200000
zos,9.090000
zou,9.140000
zpb,9.300000
zpd,9.260000
zpf,9.770000
zpo,9.720000
zqg,9.220000
zqm,9.560000
zrf,9.200000
zrn,9.100000
zro,9.240000
zrq,9.860000
zrs,9.710000
zrx,9.840000
zsa,9.920000
zse,9.540000
zsk,9.850000
zsp,9.160000
zst,9.250000
zsw,9.550000
ztd,9.600000
ztm,9.670000
ztn,9.900000
zts,9.360000
ztv,9.910000
zub,9.790000
zue,9.120000
zun,9.870000
zus,9.620000
zvb,9.060000
zvh,9.320000
zvj,9.170000
zvq,9.080000
zvs,9.840000
zvu,9.860000
zwc,9.710000
zwl,9.130000
zwn,9.250000
zwo,9.110000
zwq,9.240000
zwr,9.210000
zwt,9.980000
zwx,9.750000
zwy,9.290000
zxd,9.500000
zxh,9.130000
zxk,9.110000
zxt,9.790000
zxv,9.040000
zya,9.810000
zyj,9.460000
zyn,9.810000
zyt,9.370000
zyw,9.490000
zzc,9.980000
zzm,9.730000
zzr,9.510000
zzw,9.490000
zzx,9.090000
zzz,9.720000
caaarter,10.000000
naveen,9.000000
rohith,9.000000
